{
  "$schema": "https://docs.renovatebot.com/renovate-schema.json",
  "extends": ["config:base"],
  "rangeStrategy": "bump",
  "lockFileMaintenance": { "enabled": true },
  "dependencyDashboard": true,
  "dependencyDashboardAutoclose": true,
  "major": {
    "dependencyDashboardApproval": true
  },
  "schedule": [
    "after 10pm every weekday",
    "before 5am every weekday",
    "every weekend"
  ],
  "packageRules": [
    {
      "matchPackageNames": ["next"],
      "stabilityDays": 0
    },
    {
      "groupName": "all non-major dependencies",
      "groupSlug": "all-minor-patch",
      "matchPackagePatterns": ["*"],
      "matchUpdateTypes": ["minor", "patch"]
    },
    {
      "groupName": "all major dependencies",
      "groupSlug": "all-major",
      "matchPackagePatterns": ["*"],
      "matchUpdateTypes": ["major"]
    }
  ],
  "ignorePaths": ["**/node_modules/**"],
  "prCreation": "not-pending",
  "prConcurrentLimit": 3,
  "stabilityDays": 2
}
